# Розкадровка фінальної сцени /expenses (ExpensesCta.tsx, CTA_FRAMES).
# Колонки: key <TAB> en <TAB> pl <TAB> de <TAB> ro <TAB> cs <TAB> sk <TAB> hu <TAB> fr <TAB> es
landing.exp.story0.title	A fill-up becomes a line item instantly	Tankowanie od razu staje się wierszem	Eine Betankung wird sofort zur Zeile	O alimentare devine imediat o linie	Tankování se hned stává řádkem	Tankovanie sa hneď stáva riadkom	A tankolás azonnal sorrá válik	Un plein devient une ligne à l’instant	Un repostaje se convierte en línea al instante
landing.exp.story0.detail	OKKO and Shell: card, network, litres and amount — no manual re-entry.	OKKO i Shell: karta, sieć, litry i kwota — bez ręcznego przepisywania.	OKKO und Shell: Karte, Netz, Liter und Betrag — ganz ohne manuelle Übertragung.	OKKO și Shell: card, rețea, litri și sumă — fără reintroducere manuală.	OKKO a Shell: karta, síť, litry a částka — bez ručního přepisování.	OKKO a Shell: karta, sieť, litre a suma — bez ručného prepisovania.	OKKO és Shell: kártya, hálózat, liter és összeg — kézi átvezetés nélkül.	OKKO et Shell : carte, réseau, litres et montant — sans ressaisie manuelle.	OKKO y Shell: tarjeta, red, litros e importe — sin volver a teclearlo.
landing.exp.story1.title	Invoices stop getting lost between accounts	Rachunki nie giną między kontami	Rechnungen gehen zwischen den Konten nicht mehr verloren	Facturile nu se mai pierd între conturi	Faktury se neztrácejí mezi účty	Faktúry sa nestrácajú medzi účtami	A számlák nem vesznek el a fiókok között	Les factures ne se perdent plus entre les comptes	Las facturas no se pierden entre cuentas
landing.exp.story1.detail	Trip documents live in one place, not three browser tabs.	Dokumenty do trasy są w jednym miejscu, a nie w trzech kartach przeglądarki.	Belege zur Fahrt liegen an einem Ort statt in drei Browser-Tabs.	Documentele cursei stau într-un singur loc, nu în trei file de browser.	Doklady k jízdě jsou na jednom místě, ne ve třech kartách prohlížeče.	Doklady k jazde sú na jednom mieste, nie v troch kartách prehliadača.	A fuvar dokumentumai egy helyen vannak, nem három böngészőfülön szétszórva.	Les documents du trajet sont réunis au même endroit, pas dans trois onglets du navigateur.	Los documentos del viaje están en un solo sitio, no en tres pestañas del navegador.
landing.exp.story2.title	Every receipt is tied to a vehicle	Każdy paragon jest przypisany do pojazdu	Jeder Beleg ist einem Fahrzeug zugeordnet	Fiecare bon e legat de un vehicul	Každá účtenka je přiřazená k vozidlu	Každý bloček je priradený k vozidlu	Minden blokk egy járműhöz van kötve	Chaque reçu est rattaché à un véhicule	Cada recibo queda vinculado a un vehículo
landing.exp.story2.detail	Date, card and amount roll up into one table — no manual copying from the receipt.	Data, karta i kwota trafiają do jednej tabeli — bez ręcznego przepisywania z paragonu.	Datum, Karte und Betrag laufen in einer Tabelle zusammen — ganz ohne manuelle Übertragung vom Beleg.	Data, cardul și suma ajung într-un singur tabel — fără copiere manuală de pe bon.	Datum, karta a částka se spojují do jedné tabulky — bez ručního přepisování z účtenky.	Dátum, karta a suma sa spájajú do jednej tabuľky — bez ručného prepisovania z bločka.	Dátum, kártya és összeg egyetlen táblázatba kerül — kézi átírás nélkül a blokkról.	Date, carte et montant se retrouvent dans un seul tableau — sans recopier à la main depuis le reçu.	Fecha, tarjeta e importe se reúnen en una sola tabla — sin copiar a mano desde el recibo.
landing.exp.story3.title	The report is ready while the trip is still running	Raport jest gotowy, zanim trasa się skończy	Der Bericht steht, während die Fahrt noch läuft	Raportul e gata cât timp cursa încă e în desfășurare	Report je hotový, zatímco jízda ještě probíhá	Report je hotový, kým jazda ešte prebieha	A jelentés készen áll, még mielőtt a fuvar véget érne	Le rapport est prêt pendant que le trajet se poursuit	El informe está listo mientras el viaje sigue en marcha
landing.exp.story3.detail	Spend, litres and mileage — on one chart, for any period.	Wydatki, litry i przebieg — na jednym wykresie za dowolny okres.	Ausgaben, Liter und Kilometer — in einem Diagramm, für jeden Zeitraum.	Cheltuieli, litri și rulaj — într-un singur grafic, pentru orice perioadă.	Náklady, litry a nájezd — v jednom grafu za libovolné období.	Náklady, litre a najazdené kilometre — v jednom grafe za ľubovoľné obdobie.	Költség, liter és futásteljesítmény — egyetlen grafikonon, bármely időszakra.	Dépenses, litres et kilométrage — sur un seul graphique, quelle que soit la période.	Gasto, litros y kilometraje — en un solo gráfico, para cualquier período.
